{
  "model_type": "XGboost",
  "training_samples": 7990,
  "test_samples": 1998,
  "features_used": 13,
  "training_time": 0.5208113193511963,
  "model_path": "artifacts/models/churn_analysis.joblib",
  "performance_metrics": {
    "accuracy": 0.8533533533533534,
    "precision": 0.7168458781362007,
    "recall": 0.4830917874396135,
    "f1": 0.5772005772005772,
    "training_time_seconds": 0.5208113193511963,
    "model_complexity": 100,
    "max_depth": 10
  },
  "timestamp": "2025-10-21T13:05:47.769585"
}